sample_id,snp_id,ref_count,alt_count,other_count,called_genotype,depth,true_genotype,correct
SYNTH_001977,rs12913832,6,6,0,1,12,1,True
SYNTH_001977,rs1800407,12,0,0,0,12,0,True
SYNTH_001977,rs12896399,6,6,0,1,12,1,True
SYNTH_001977,rs16891982,6,6,0,1,12,1,True
SYNTH_001977,rs1393350,12,0,0,0,12,0,True
SYNTH_001977,rs12203592,0,12,0,2,12,2,True
SYNTH_001977,rs1426654,12,0,0,0,12,0,True
SYNTH_001977,rs1800414,6,6,0,1,12,1,True
SYNTH_001977,rs6058017,6,5,1,1,12,1,True
SYNTH_001977,rs1805007,12,0,0,0,12,0,True
SYNTH_001977,rs1805008,6,6,0,1,12,1,True
SYNTH_001977,rs1110400,6,6,0,1,12,1,True
SYNTH_001977,rs885479,0,12,0,2,12,2,True
SYNTH_001977,rs1408799,12,0,0,0,12,0,True
SYNTH_001977,rs12821256,11,0,1,0,12,0,True
SYNTH_001977,rs4648379,0,12,0,2,12,2,True
SYNTH_001977,rs7559271,6,6,0,1,12,1,True
SYNTH_001977,rs2045323,0,12,0,2,12,2,True
SYNTH_001977,rs6420484,12,0,0,0,12,0,True
SYNTH_001977,rs11161700,7,5,0,1,12,1,True
SYNTH_001977,rs3827760,0,12,0,2,12,2,True
SYNTH_001977,rs7590268,12,0,0,0,12,0,True
SYNTH_001977,rs1229984,12,0,0,0,12,0,True
SYNTH_001977,rs6740960,6,6,0,1,12,1,True
SYNTH_001977,rs1852985,6,6,0,1,12,1,True
SYNTH_001977,rs12480977,6,6,0,1,12,1,True
SYNTH_001977,rs11655860,6,6,0,1,12,1,True
SYNTH_001977,rs6431222,12,0,0,0,12,0,True
SYNTH_001977,rs1493906,12,0,0,0,12,0,True
SYNTH_001977,rs9919054,6,6,0,1,12,1,True
SYNTH_001977,rs6548238,6,6,0,1,12,1,True
SYNTH_001977,rs974448,6,6,0,1,12,1,True
SYNTH_001977,rs2155219,12,0,0,0,12,0,True
SYNTH_001977,rs1667394,12,0,0,0,12,0,True
SYNTH_001977,rs1129038,0,12,0,2,12,2,True
SYNTH_001977,rs1470608,6,5,1,1,12,1,True
SYNTH_001977,rs1042602,6,5,1,1,12,1,True
SYNTH_001977,rs11654749,12,0,0,0,12,0,True
SYNTH_001977,rs6730970,11,0,1,0,12,0,True
SYNTH_001977,rs1896488,6,6,0,1,12,1,True
SYNTH_001977,rs8001641,12,0,0,0,12,0,True
SYNTH_001977,rs11803731,12,0,0,0,12,0,True
SYNTH_001977,rs17646946,0,12,0,2,12,2,True
SYNTH_001977,rs260690,0,12,0,2,12,2,True
SYNTH_001977,rs1540771,0,12,0,2,12,2,True
SYNTH_001977,rs2180439,6,6,0,1,12,1,True
SYNTH_001977,rs12203592_f,0,12,0,2,12,2,True
SYNTH_001977,rs1805007_f,6,6,0,1,12,1,True
SYNTH_001977,rs1042602_t,0,12,0,2,12,2,True
SYNTH_001977,rs1800401,6,6,0,1,12,1,True
SYNTH_001977,rs10490642,0,12,0,2,12,2,True
SYNTH_001977,rs11130234,6,6,0,1,12,1,True
SYNTH_003880,rs12913832,0,12,0,2,12,2,True
SYNTH_003880,rs1800407,12,0,0,0,12,0,True
SYNTH_003880,rs12896399,6,6,0,1,12,1,True
SYNTH_003880,rs16891982,12,0,0,0,12,0,True
SYNTH_003880,rs1393350,5,6,1,1,12,1,True
SYNTH_003880,rs12203592,0,12,0,2,12,2,True
SYNTH_003880,rs1426654,12,0,0,0,12,0,True
SYNTH_003880,rs1800414,6,6,0,1,12,1,True
SYNTH_003880,rs6058017,6,6,0,1,12,1,True
SYNTH_003880,rs1805007,12,0,0,0,12,0,True
SYNTH_003880,rs1805008,6,6,0,1,12,1,True
SYNTH_003880,rs1110400,6,6,0,1,12,1,True
SYNTH_003880,rs885479,6,6,0,1,12,1,True
SYNTH_003880,rs1408799,6,6,0,1,12,1,True
SYNTH_003880,rs12821256,6,6,0,1,12,1,True
SYNTH_003880,rs4648379,6,6,0,1,12,1,True
SYNTH_003880,rs7559271,6,6,0,1,12,1,True
SYNTH_003880,rs2045323,6,5,1,1,12,1,True
SYNTH_003880,rs6420484,12,0,0,0,12,0,True
SYNTH_003880,rs11161700,6,6,0,1,12,1,True
SYNTH_003880,rs3827760,6,6,0,1,12,1,True
SYNTH_003880,rs7590268,12,0,0,0,12,0,True
SYNTH_003880,rs1229984,12,0,0,0,12,0,True
SYNTH_003880,rs6740960,12,0,0,0,12,0,True
SYNTH_003880,rs1852985,12,0,0,0,12,0,True
SYNTH_003880,rs12480977,12,0,0,0,12,0,True
SYNTH_003880,rs11655860,0,12,0,2,12,2,True
SYNTH_003880,rs6431222,12,0,0,0,12,0,True
SYNTH_003880,rs1493906,0,12,0,2,12,2,True
SYNTH_003880,rs9919054,6,6,0,1,12,1,True
SYNTH_003880,rs6548238,6,6,0,1,12,1,True
SYNTH_003880,rs974448,0,12,0,2,12,2,True
SYNTH_003880,rs2155219,12,0,0,0,12,0,True
SYNTH_003880,rs1667394,6,6,0,1,12,1,True
SYNTH_003880,rs1129038,0,12,0,2,12,2,True
SYNTH_003880,rs1470608,6,6,0,1,12,1,True
SYNTH_003880,rs1042602,6,5,1,1,12,1,True
SYNTH_003880,rs11654749,6,6,0,1,12,1,True
SYNTH_003880,rs6730970,6,5,1,1,12,1,True
SYNTH_003880,rs1896488,6,6,0,1,12,1,True
SYNTH_003880,rs8001641,6,6,0,1,12,1,True
SYNTH_003880,rs11803731,0,12,0,2,12,2,True
SYNTH_003880,rs17646946,0,12,0,2,12,2,True
SYNTH_003880,rs260690,6,6,0,1,12,1,True
SYNTH_003880,rs1540771,6,6,0,1,12,1,True
SYNTH_003880,rs2180439,12,0,0,0,12,0,True
SYNTH_003880,rs12203592_f,0,12,0,2,12,2,True
SYNTH_003880,rs1805007_f,6,6,0,1,12,1,True
SYNTH_003880,rs1042602_t,6,6,0,1,12,1,True
SYNTH_003880,rs1800401,6,6,0,1,12,1,True
SYNTH_003880,rs10490642,6,6,0,1,12,1,True
SYNTH_003880,rs11130234,0,12,0,2,12,2,True
SYNTH_000052,rs12913832,0,12,0,2,12,2,True
SYNTH_000052,rs1800407,6,6,0,1,12,1,True
SYNTH_000052,rs12896399,12,0,0,0,12,0,True
SYNTH_000052,rs16891982,0,12,0,2,12,2,True
SYNTH_000052,rs1393350,12,0,0,0,12,0,True
SYNTH_000052,rs12203592,6,6,0,1,12,1,True
SYNTH_000052,rs1426654,0,11,1,2,12,2,True
SYNTH_000052,rs1800414,12,0,0,0,12,0,True
SYNTH_000052,rs6058017,0,12,0,2,12,2,True
SYNTH_000052,rs1805007,6,6,0,1,12,1,True
SYNTH_000052,rs1805008,12,0,0,0,12,0,True
SYNTH_000052,rs1110400,6,6,0,1,12,1,True
SYNTH_000052,rs885479,6,6,0,1,12,1,True
SYNTH_000052,rs1408799,6,6,0,1,12,1,True
SYNTH_000052,rs12821256,5,6,1,1,12,1,True
SYNTH_000052,rs4648379,12,0,0,0,12,0,True
SYNTH_000052,rs7559271,6,6,0,1,12,1,True
SYNTH_000052,rs2045323,12,0,0,0,12,0,True
SYNTH_000052,rs6420484,12,0,0,0,12,0,True
SYNTH_000052,rs11161700,0,12,0,2,12,2,True
SYNTH_000052,rs3827760,6,6,0,1,12,1,True
SYNTH_000052,rs7590268,0,12,0,2,12,2,True
SYNTH_000052,rs1229984,6,6,0,1,12,1,True
SYNTH_000052,rs6740960,12,0,0,0,12,0,True
SYNTH_000052,rs1852985,0,12,0,2,12,2,True
SYNTH_000052,rs12480977,6,6,0,1,12,1,True
SYNTH_000052,rs11655860,6,6,0,1,12,1,True
SYNTH_000052,rs6431222,12,0,0,0,12,0,True
SYNTH_000052,rs1493906,12,0,0,0,12,0,True
SYNTH_000052,rs9919054,12,0,0,0,12,0,True
SYNTH_000052,rs6548238,0,12,0,2,12,2,True
SYNTH_000052,rs974448,0,12,0,2,12,2,True
SYNTH_000052,rs2155219,6,6,0,1,12,1,True
SYNTH_000052,rs1667394,6,6,0,1,12,1,True
SYNTH_000052,rs1129038,6,6,0,1,12,1,True
SYNTH_000052,rs1470608,12,0,0,0,12,0,True
SYNTH_000052,rs1042602,12,0,0,0,12,0,True
SYNTH_000052,rs11654749,6,6,0,1,12,1,True
SYNTH_000052,rs6730970,6,6,0,1,12,1,True
SYNTH_000052,rs1896488,0,12,0,2,12,2,True
SYNTH_000052,rs8001641,12,0,0,0,12,0,True
SYNTH_000052,rs11803731,0,11,1,2,12,2,True
SYNTH_000052,rs17646946,12,0,0,0,12,0,True
SYNTH_000052,rs260690,6,6,0,1,12,1,True
SYNTH_000052,rs1540771,0,12,0,2,12,2,True
SYNTH_000052,rs2180439,12,0,0,0,12,0,True
SYNTH_000052,rs12203592_f,6,6,0,1,12,1,True
SYNTH_000052,rs1805007_f,6,6,0,1,12,1,True
SYNTH_000052,rs1042602_t,6,6,0,1,12,1,True
SYNTH_000052,rs1800401,6,6,0,1,12,1,True
SYNTH_000052,rs10490642,6,6,0,1,12,1,True
SYNTH_000052,rs11130234,6,6,0,1,12,1,True
SYNTH_002551,rs12913832,11,1,0,0,12,0,True
SYNTH_002551,rs1800407,12,0,0,0,12,0,True
SYNTH_002551,rs12896399,6,6,0,1,12,1,True
SYNTH_002551,rs16891982,6,6,0,1,12,1,True
SYNTH_002551,rs1393350,6,6,0,1,12,1,True
SYNTH_002551,rs12203592,11,0,1,0,12,0,True
SYNTH_002551,rs1426654,6,6,0,1,12,1,True
SYNTH_002551,rs1800414,6,6,0,1,12,1,True
SYNTH_002551,rs6058017,6,6,0,1,12,1,True
SYNTH_002551,rs1805007,12,0,0,0,12,0,True
SYNTH_002551,rs1805008,5,7,0,1,12,1,True
SYNTH_002551,rs1110400,12,0,0,0,12,0,True
SYNTH_002551,rs885479,12,0,0,0,12,0,True
SYNTH_002551,rs1408799,6,5,1,1,12,1,True
SYNTH_002551,rs12821256,12,0,0,0,12,0,True
SYNTH_002551,rs4648379,0,12,0,2,12,2,True
SYNTH_002551,rs7559271,6,6,0,1,12,1,True
SYNTH_002551,rs2045323,5,6,1,1,12,1,True
SYNTH_002551,rs6420484,6,6,0,1,12,1,True
SYNTH_002551,rs11161700,12,0,0,0,12,0,True
SYNTH_002551,rs3827760,6,6,0,1,12,1,True
SYNTH_002551,rs7590268,6,6,0,1,12,1,True
SYNTH_002551,rs1229984,6,6,0,1,12,1,True
SYNTH_002551,rs6740960,12,0,0,0,12,0,True
SYNTH_002551,rs1852985,0,12,0,2,12,2,True
SYNTH_002551,rs12480977,0,12,0,2,12,2,True
SYNTH_002551,rs11655860,12,0,0,0,12,0,True
SYNTH_002551,rs6431222,6,6,0,1,12,1,True
SYNTH_002551,rs1493906,6,6,0,1,12,1,True
SYNTH_002551,rs9919054,0,12,0,2,12,2,True
SYNTH_002551,rs6548238,12,0,0,0,12,0,True
SYNTH_002551,rs974448,12,0,0,0,12,0,True
SYNTH_002551,rs2155219,12,0,0,0,12,0,True
SYNTH_002551,rs1667394,6,4,2,1,12,1,True
SYNTH_002551,rs1129038,6,6,0,1,12,1,True
SYNTH_002551,rs1470608,12,0,0,0,12,0,True
SYNTH_002551,rs1042602,7,5,0,1,12,1,True
SYNTH_002551,rs11654749,5,7,0,1,12,1,True
SYNTH_002551,rs6730970,12,0,0,0,12,0,True
SYNTH_002551,rs1896488,6,6,0,1,12,1,True
SYNTH_002551,rs8001641,6,6,0,1,12,1,True
SYNTH_002551,rs11803731,0,12,0,2,12,2,True
SYNTH_002551,rs17646946,12,0,0,0,12,0,True
SYNTH_002551,rs260690,0,12,0,2,12,2,True
SYNTH_002551,rs1540771,12,0,0,0,12,0,True
SYNTH_002551,rs2180439,6,6,0,1,12,1,True
SYNTH_002551,rs12203592_f,0,12,0,2,12,2,True
SYNTH_002551,rs1805007_f,0,12,0,2,12,2,True
SYNTH_002551,rs1042602_t,0,12,0,2,12,2,True
SYNTH_002551,rs1800401,0,12,0,2,12,2,True
SYNTH_002551,rs10490642,12,0,0,0,12,0,True
SYNTH_002551,rs11130234,12,0,0,0,12,0,True
SYNTH_002246,rs12913832,6,6,0,1,12,1,True
SYNTH_002246,rs1800407,6,6,0,1,12,1,True
SYNTH_002246,rs12896399,1,11,0,2,12,2,True
SYNTH_002246,rs16891982,0,12,0,2,12,2,True
SYNTH_002246,rs1393350,6,6,0,1,12,1,True
SYNTH_002246,rs12203592,0,12,0,2,12,2,True
SYNTH_002246,rs1426654,12,0,0,0,12,0,True
SYNTH_002246,rs1800414,12,0,0,0,12,0,True
SYNTH_002246,rs6058017,12,0,0,0,12,0,True
SYNTH_002246,rs1805007,11,0,1,0,12,0,True
SYNTH_002246,rs1805008,12,0,0,0,12,0,True
SYNTH_002246,rs1110400,6,6,0,1,12,1,True
SYNTH_002246,rs885479,6,6,0,1,12,1,True
SYNTH_002246,rs1408799,6,6,0,1,12,1,True
SYNTH_002246,rs12821256,11,0,1,0,12,0,True
SYNTH_002246,rs4648379,6,6,0,1,12,1,True
SYNTH_002246,rs7559271,6,5,1,1,12,1,True
SYNTH_002246,rs2045323,1,11,0,2,12,2,True
SYNTH_002246,rs6420484,6,6,0,1,12,1,True
SYNTH_002246,rs11161700,12,0,0,0,12,0,True
SYNTH_002246,rs3827760,12,0,0,0,12,0,True
SYNTH_002246,rs7590268,6,6,0,1,12,1,True
SYNTH_002246,rs1229984,11,0,1,0,12,0,True
SYNTH_002246,rs6740960,6,6,0,1,12,1,True
SYNTH_002246,rs1852985,6,6,0,1,12,1,True
SYNTH_002246,rs12480977,6,6,0,1,12,1,True
SYNTH_002246,rs11655860,12,0,0,0,12,0,True
SYNTH_002246,rs6431222,12,0,0,0,12,0,True
SYNTH_002246,rs1493906,5,7,0,1,12,1,True
SYNTH_002246,rs9919054,12,0,0,0,12,0,True
SYNTH_002246,rs6548238,5,6,1,1,12,1,True
SYNTH_002246,rs974448,6,6,0,1,12,1,True
SYNTH_002246,rs2155219,6,6,0,1,12,1,True
SYNTH_002246,rs1667394,6,6,0,1,12,1,True
SYNTH_002246,rs1129038,0,12,0,2,12,2,True
SYNTH_002246,rs1470608,5,7,0,1,12,1,True
SYNTH_002246,rs1042602,0,12,0,2,12,2,True
SYNTH_002246,rs11654749,12,0,0,0,12,0,True
SYNTH_002246,rs6730970,0,12,0,2,12,2,True
SYNTH_002246,rs1896488,6,6,0,1,12,1,True
SYNTH_002246,rs8001641,12,0,0,0,12,0,True
SYNTH_002246,rs11803731,6,6,0,1,12,1,True
SYNTH_002246,rs17646946,6,6,0,1,12,1,True
SYNTH_002246,rs260690,12,0,0,0,12,0,True
SYNTH_002246,rs1540771,6,6,0,1,12,1,True
SYNTH_002246,rs2180439,6,6,0,1,12,1,True
SYNTH_002246,rs12203592_f,6,6,0,1,12,1,True
SYNTH_002246,rs1805007_f,6,6,0,1,12,1,True
SYNTH_002246,rs1042602_t,6,6,0,1,12,1,True
SYNTH_002246,rs1800401,12,0,0,0,12,0,True
SYNTH_002246,rs10490642,6,6,0,1,12,1,True
SYNTH_002246,rs11130234,6,6,0,1,12,1,True
SYNTH_000270,rs12913832,12,0,0,0,12,0,True
SYNTH_000270,rs1800407,12,0,0,0,12,0,True
SYNTH_000270,rs12896399,6,6,0,1,12,1,True
SYNTH_000270,rs16891982,6,6,0,1,12,1,True
SYNTH_000270,rs1393350,6,6,0,1,12,1,True
SYNTH_000270,rs12203592,6,6,0,1,12,1,True
SYNTH_000270,rs1426654,12,0,0,0,12,0,True
SYNTH_000270,rs1800414,6,6,0,1,12,1,True
SYNTH_000270,rs6058017,6,6,0,1,12,1,True
SYNTH_000270,rs1805007,12,0,0,0,12,0,True
SYNTH_000270,rs1805008,12,0,0,0,12,0,True
SYNTH_000270,rs1110400,6,6,0,1,12,1,True
SYNTH_000270,rs885479,6,6,0,1,12,1,True
SYNTH_000270,rs1408799,6,6,0,1,12,1,True
SYNTH_000270,rs12821256,12,0,0,0,12,0,True
SYNTH_000270,rs4648379,6,6,0,1,12,1,True
SYNTH_000270,rs7559271,12,0,0,0,12,0,True
SYNTH_000270,rs2045323,0,12,0,2,12,2,True
SYNTH_000270,rs6420484,6,6,0,1,12,1,True
SYNTH_000270,rs11161700,0,12,0,2,12,2,True
SYNTH_000270,rs3827760,6,6,0,1,12,1,True
SYNTH_000270,rs7590268,12,0,0,0,12,0,True
SYNTH_000270,rs1229984,6,6,0,1,12,1,True
SYNTH_000270,rs6740960,6,6,0,1,12,1,True
SYNTH_000270,rs1852985,11,0,1,0,12,0,True
SYNTH_000270,rs12480977,6,6,0,1,12,1,True
SYNTH_000270,rs11655860,6,6,0,1,12,1,True
SYNTH_000270,rs6431222,12,0,0,0,12,0,True
SYNTH_000270,rs1493906,0,12,0,2,12,2,True
SYNTH_000270,rs9919054,6,6,0,1,12,1,True
SYNTH_000270,rs6548238,12,0,0,0,12,0,True
SYNTH_000270,rs974448,10,1,1,0,12,0,True
SYNTH_000270,rs2155219,0,12,0,2,12,2,True
SYNTH_000270,rs1667394,12,0,0,0,12,0,True
SYNTH_000270,rs1129038,12,0,0,0,12,0,True
SYNTH_000270,rs1470608,6,6,0,1,12,1,True
SYNTH_000270,rs1042602,12,0,0,0,12,0,True
SYNTH_000270,rs11654749,0,12,0,2,12,2,True
SYNTH_000270,rs6730970,6,6,0,1,12,1,True
SYNTH_000270,rs1896488,12,0,0,0,12,0,True
SYNTH_000270,rs8001641,12,0,0,0,12,0,True
SYNTH_000270,rs11803731,6,5,1,1,12,1,True
SYNTH_000270,rs17646946,12,0,0,0,12,0,True
SYNTH_000270,rs260690,6,6,0,1,12,1,True
SYNTH_000270,rs1540771,12,0,0,0,12,0,True
SYNTH_000270,rs2180439,0,12,0,2,12,2,True
SYNTH_000270,rs12203592_f,5,6,1,1,12,1,True
SYNTH_000270,rs1805007_f,6,6,0,1,12,1,True
SYNTH_000270,rs1042602_t,12,0,0,0,12,0,True
SYNTH_000270,rs1800401,6,5,1,1,12,1,True
SYNTH_000270,rs10490642,6,6,0,1,12,1,True
SYNTH_000270,rs11130234,12,0,0,0,12,0,True
SYNTH_000601,rs12913832,6,6,0,1,12,1,True
SYNTH_000601,rs1800407,12,0,0,0,12,0,True
SYNTH_000601,rs12896399,12,0,0,0,12,0,True
SYNTH_000601,rs16891982,0,12,0,2,12,2,True
SYNTH_000601,rs1393350,6,6,0,1,12,1,True
SYNTH_000601,rs12203592,12,0,0,0,12,0,True
SYNTH_000601,rs1426654,6,6,0,1,12,1,True
SYNTH_000601,rs1800414,6,6,0,1,12,1,True
SYNTH_000601,rs6058017,0,12,0,2,12,2,True
SYNTH_000601,rs1805007,12,0,0,0,12,0,True
SYNTH_000601,rs1805008,12,0,0,0,12,0,True
SYNTH_000601,rs1110400,6,6,0,1,12,1,True
SYNTH_000601,rs885479,6,6,0,1,12,1,True
SYNTH_000601,rs1408799,6,6,0,1,12,1,True
SYNTH_000601,rs12821256,6,6,0,1,12,1,True
SYNTH_000601,rs4648379,6,6,0,1,12,1,True
SYNTH_000601,rs7559271,6,6,0,1,12,1,True
SYNTH_000601,rs2045323,12,0,0,0,12,0,True
SYNTH_000601,rs6420484,12,0,0,0,12,0,True
SYNTH_000601,rs11161700,12,0,0,0,12,0,True
SYNTH_000601,rs3827760,6,6,0,1,12,1,True
SYNTH_000601,rs7590268,12,0,0,0,12,0,True
SYNTH_000601,rs1229984,6,6,0,1,12,1,True
SYNTH_000601,rs6740960,6,6,0,1,12,1,True
SYNTH_000601,rs1852985,6,6,0,1,12,1,True
SYNTH_000601,rs12480977,12,0,0,0,12,0,True
SYNTH_000601,rs11655860,0,12,0,2,12,2,True
SYNTH_000601,rs6431222,6,6,0,1,12,1,True
SYNTH_000601,rs1493906,6,6,0,1,12,1,True
SYNTH_000601,rs9919054,5,6,1,1,12,1,True
SYNTH_000601,rs6548238,12,0,0,0,12,0,True
SYNTH_000601,rs974448,12,0,0,0,12,0,True
SYNTH_000601,rs2155219,12,0,0,0,12,0,True
SYNTH_000601,rs1667394,12,0,0,0,12,0,True
SYNTH_000601,rs1129038,6,6,0,1,12,1,True
SYNTH_000601,rs1470608,6,6,0,1,12,1,True
SYNTH_000601,rs1042602,6,6,0,1,12,1,True
SYNTH_000601,rs11654749,6,6,0,1,12,1,True
SYNTH_000601,rs6730970,12,0,0,0,12,0,True
SYNTH_000601,rs1896488,0,11,1,2,12,2,True
SYNTH_000601,rs8001641,12,0,0,0,12,0,True
SYNTH_000601,rs11803731,5,6,1,1,12,1,True
SYNTH_000601,rs17646946,12,0,0,0,12,0,True
SYNTH_000601,rs260690,6,6,0,1,12,1,True
SYNTH_000601,rs1540771,12,0,0,0,12,0,True
SYNTH_000601,rs2180439,12,0,0,0,12,0,True
SYNTH_000601,rs12203592_f,12,0,0,0,12,0,True
SYNTH_000601,rs1805007_f,0,12,0,2,12,2,True
SYNTH_000601,rs1042602_t,12,0,0,0,12,0,True
SYNTH_000601,rs1800401,6,6,0,1,12,1,True
SYNTH_000601,rs10490642,12,0,0,0,12,0,True
SYNTH_000601,rs11130234,6,6,0,1,12,1,True
SYNTH_002441,rs12913832,12,0,0,0,12,0,True
SYNTH_002441,rs1800407,0,12,0,2,12,2,True
SYNTH_002441,rs12896399,6,6,0,1,12,1,True
SYNTH_002441,rs16891982,6,6,0,1,12,1,True
SYNTH_002441,rs1393350,6,6,0,1,12,1,True
SYNTH_002441,rs12203592,6,6,0,1,12,1,True
SYNTH_002441,rs1426654,12,0,0,0,12,0,True
SYNTH_002441,rs1800414,6,6,0,1,12,1,True
SYNTH_002441,rs6058017,6,6,0,1,12,1,True
SYNTH_002441,rs1805007,11,1,0,0,12,0,True
SYNTH_002441,rs1805008,12,0,0,0,12,0,True
SYNTH_002441,rs1110400,12,0,0,0,12,0,True
SYNTH_002441,rs885479,12,0,0,0,12,0,True
SYNTH_002441,rs1408799,12,0,0,0,12,0,True
SYNTH_002441,rs12821256,12,0,0,0,12,0,True
SYNTH_002441,rs4648379,0,12,0,2,12,2,True
SYNTH_002441,rs7559271,12,0,0,0,12,0,True
SYNTH_002441,rs2045323,12,0,0,0,12,0,True
SYNTH_002441,rs6420484,11,0,1,0,12,0,True
SYNTH_002441,rs11161700,12,0,0,0,12,0,True
SYNTH_002441,rs3827760,6,6,0,1,12,1,True
SYNTH_002441,rs7590268,6,6,0,1,12,1,True
SYNTH_002441,rs1229984,12,0,0,0,12,0,True
SYNTH_002441,rs6740960,12,0,0,0,12,0,True
SYNTH_002441,rs1852985,6,6,0,1,12,1,True
SYNTH_002441,rs12480977,6,6,0,1,12,1,True
SYNTH_002441,rs11655860,0,12,0,2,12,2,True
SYNTH_002441,rs6431222,12,0,0,0,12,0,True
SYNTH_002441,rs1493906,7,5,0,1,12,1,True
SYNTH_002441,rs9919054,12,0,0,0,12,0,True
SYNTH_002441,rs6548238,6,6,0,1,12,1,True
SYNTH_002441,rs974448,0,12,0,2,12,2,True
SYNTH_002441,rs2155219,12,0,0,0,12,0,True
SYNTH_002441,rs1667394,6,6,0,1,12,1,True
SYNTH_002441,rs1129038,6,6,0,1,12,1,True
SYNTH_002441,rs1470608,5,7,0,1,12,1,True
SYNTH_002441,rs1042602,6,6,0,1,12,1,True
SYNTH_002441,rs11654749,0,12,0,2,12,2,True
SYNTH_002441,rs6730970,6,6,0,1,12,1,True
SYNTH_002441,rs1896488,6,5,1,1,12,1,True
SYNTH_002441,rs8001641,1,9,2,2,12,2,True
SYNTH_002441,rs11803731,0,12,0,2,12,2,True
SYNTH_002441,rs17646946,12,0,0,0,12,0,True
SYNTH_002441,rs260690,1,11,0,2,12,2,True
SYNTH_002441,rs1540771,6,6,0,1,12,1,True
SYNTH_002441,rs2180439,6,6,0,1,12,1,True
SYNTH_002441,rs12203592_f,0,12,0,2,12,2,True
SYNTH_002441,rs1805007_f,5,6,1,1,12,1,True
SYNTH_002441,rs1042602_t,0,12,0,2,12,2,True
SYNTH_002441,rs1800401,12,0,0,0,12,0,True
SYNTH_002441,rs10490642,12,0,0,0,12,0,True
SYNTH_002441,rs11130234,11,1,0,0,12,0,True
SYNTH_003286,rs12913832,6,6,0,1,12,1,True
SYNTH_003286,rs1800407,12,0,0,0,12,0,True
SYNTH_003286,rs12896399,0,12,0,2,12,2,True
SYNTH_003286,rs16891982,0,12,0,2,12,2,True
SYNTH_003286,rs1393350,0,12,0,2,12,2,True
SYNTH_003286,rs12203592,12,0,0,0,12,0,True
SYNTH_003286,rs1426654,6,6,0,1,12,1,True
SYNTH_003286,rs1800414,12,0,0,0,12,0,True
SYNTH_003286,rs6058017,6,6,0,1,12,1,True
SYNTH_003286,rs1805007,0,12,0,2,12,2,True
SYNTH_003286,rs1805008,6,6,0,1,12,1,True
SYNTH_003286,rs1110400,6,6,0,1,12,1,True
SYNTH_003286,rs885479,11,0,1,0,12,0,True
SYNTH_003286,rs1408799,6,6,0,1,12,1,True
SYNTH_003286,rs12821256,6,6,0,1,12,1,True
SYNTH_003286,rs4648379,6,6,0,1,12,1,True
SYNTH_003286,rs7559271,12,0,0,0,12,0,True
SYNTH_003286,rs2045323,0,12,0,2,12,2,True
SYNTH_003286,rs6420484,12,0,0,0,12,0,True
SYNTH_003286,rs11161700,6,6,0,1,12,1,True
SYNTH_003286,rs3827760,6,5,1,1,12,1,True
SYNTH_003286,rs7590268,6,6,0,1,12,1,True
SYNTH_003286,rs1229984,5,6,1,1,12,1,True
SYNTH_003286,rs6740960,12,0,0,0,12,0,True
SYNTH_003286,rs1852985,6,6,0,1,12,1,True
SYNTH_003286,rs12480977,6,6,0,1,12,1,True
SYNTH_003286,rs11655860,0,12,0,2,12,2,True
SYNTH_003286,rs6431222,6,6,0,1,12,1,True
SYNTH_003286,rs1493906,0,12,0,2,12,2,True
SYNTH_003286,rs9919054,12,0,0,0,12,0,True
SYNTH_003286,rs6548238,5,7,0,1,12,1,True
SYNTH_003286,rs974448,12,0,0,0,12,0,True
SYNTH_003286,rs2155219,12,0,0,0,12,0,True
SYNTH_003286,rs1667394,6,6,0,1,12,1,True
SYNTH_003286,rs1129038,12,0,0,0,12,0,True
SYNTH_003286,rs1470608,12,0,0,0,12,0,True
SYNTH_003286,rs1042602,0,12,0,2,12,2,True
SYNTH_003286,rs11654749,6,6,0,1,12,1,True
SYNTH_003286,rs6730970,12,0,0,0,12,0,True
SYNTH_003286,rs1896488,6,6,0,1,12,1,True
SYNTH_003286,rs8001641,12,0,0,0,12,0,True
SYNTH_003286,rs11803731,6,6,0,1,12,1,True
SYNTH_003286,rs17646946,6,6,0,1,12,1,True
SYNTH_003286,rs260690,6,6,0,1,12,1,True
SYNTH_003286,rs1540771,0,12,0,2,12,2,True
SYNTH_003286,rs2180439,1,11,0,2,12,2,True
SYNTH_003286,rs12203592_f,6,6,0,1,12,1,True
SYNTH_003286,rs1805007_f,6,6,0,1,12,1,True
SYNTH_003286,rs1042602_t,12,0,0,0,12,0,True
SYNTH_003286,rs1800401,6,6,0,1,12,1,True
SYNTH_003286,rs10490642,5,6,1,1,12,1,True
SYNTH_003286,rs11130234,5,6,1,1,12,1,True
SYNTH_002967,rs12913832,6,6,0,1,12,1,True
SYNTH_002967,rs1800407,0,12,0,2,12,2,True
SYNTH_002967,rs12896399,12,0,0,0,12,0,True
SYNTH_002967,rs16891982,6,6,0,1,12,1,True
SYNTH_002967,rs1393350,12,0,0,0,12,0,True
SYNTH_002967,rs12203592,0,12,0,2,12,2,True
SYNTH_002967,rs1426654,12,0,0,0,12,0,True
SYNTH_002967,rs1800414,0,12,0,2,12,2,True
SYNTH_002967,rs6058017,12,0,0,0,12,0,True
SYNTH_002967,rs1805007,12,0,0,0,12,0,True
SYNTH_002967,rs1805008,12,0,0,0,12,0,True
SYNTH_002967,rs1110400,12,0,0,0,12,0,True
SYNTH_002967,rs885479,6,6,0,1,12,1,True
SYNTH_002967,rs1408799,12,0,0,0,12,0,True
SYNTH_002967,rs12821256,12,0,0,0,12,0,True
SYNTH_002967,rs4648379,0,12,0,2,12,2,True
SYNTH_002967,rs7559271,0,12,0,2,12,2,True
SYNTH_002967,rs2045323,6,6,0,1,12,1,True
SYNTH_002967,rs6420484,12,0,0,0,12,0,True
SYNTH_002967,rs11161700,6,6,0,1,12,1,True
SYNTH_002967,rs3827760,6,6,0,1,12,1,True
SYNTH_002967,rs7590268,12,0,0,0,12,0,True
SYNTH_002967,rs1229984,11,0,1,0,12,0,True
SYNTH_002967,rs6740960,6,6,0,1,12,1,True
SYNTH_002967,rs1852985,5,6,1,1,12,1,True
SYNTH_002967,rs12480977,6,6,0,1,12,1,True
SYNTH_002967,rs11655860,0,12,0,2,12,2,True
SYNTH_002967,rs6431222,12,0,0,0,12,0,True
SYNTH_002967,rs1493906,0,12,0,2,12,2,True
SYNTH_002967,rs9919054,12,0,0,0,12,0,True
SYNTH_002967,rs6548238,6,6,0,1,12,1,True
SYNTH_002967,rs974448,6,6,0,1,12,1,True
SYNTH_002967,rs2155219,0,12,0,2,12,2,True
SYNTH_002967,rs1667394,6,6,0,1,12,1,True
SYNTH_002967,rs1129038,12,0,0,0,12,0,True
SYNTH_002967,rs1470608,6,6,0,1,12,1,True
SYNTH_002967,rs1042602,1,11,0,2,12,2,True
SYNTH_002967,rs11654749,0,12,0,2,12,2,True
SYNTH_002967,rs6730970,12,0,0,0,12,0,True
SYNTH_002967,rs1896488,12,0,0,0,12,0,True
SYNTH_002967,rs8001641,6,6,0,1,12,1,True
SYNTH_002967,rs11803731,12,0,0,0,12,0,True
SYNTH_002967,rs17646946,0,12,0,2,12,2,True
SYNTH_002967,rs260690,5,6,1,1,12,1,True
SYNTH_002967,rs1540771,12,0,0,0,12,0,True
SYNTH_002967,rs2180439,6,6,0,1,12,1,True
SYNTH_002967,rs12203592_f,6,6,0,1,12,1,True
SYNTH_002967,rs1805007_f,12,0,0,0,12,0,True
SYNTH_002967,rs1042602_t,6,6,0,1,12,1,True
SYNTH_002967,rs1800401,1,11,0,2,12,2,True
SYNTH_002967,rs10490642,12,0,0,0,12,0,True
SYNTH_002967,rs11130234,6,6,0,1,12,1,True
